Workbook

Sheet Raw Data
A1: intern_id | B1: intern_role | C1: department | D1: project_quality | E1: mentor_feedback | F1: task_completion_proxy | G1: Flag
A2: 1 | B2: Sales Executive | C2: Sales | D2: 3 | E2: 4 | F2: 3 | G2: =IF(OR(D2<2,E2<2,F2<2),"Needs Attention","OK")
A3: 2 | B3: Research Scientist | C3: Research & Development | D3: 4 | E3: 2 | F3: 2 | G3: =IF(OR(D3<2,E3<2,F3<2),"Needs Attention","OK")
A4: 4 | B4: Laboratory Technician | C4: Research & Development | D4: 3 | E4: 3 | F4: 2 | G4: =IF(OR(D4<2,E4<2,F4<2),"Needs Attention","OK")
A5: 5 | B5: Research Scientist | C5: Research & Development | D5: 3 | E5: 3 | F5: 3 | G5: =IF(OR(D5<2,E5<2,F5<2),"Needs Attention","OK")
A6: 7 | B6: Laboratory Technician | C6: Research & Development | D6: 3 | E6: 2 | F6: 3 | G6: =IF(OR(D6<2,E6<2,F6<2),"Needs Attention","OK")
A7: 8 | B7: Laboratory Technician | C7: Research & Development | D7: 3 | E7: 4 | F7: 3 | G7: =IF(OR(D7<2,E7<2,F7<2),"Needs Attention","OK")
A8: 10 | B8: Laboratory Technician | C8: Research & Development | D8: 4 | E8: 1 | F8: 4 | G8: =IF(OR(D8<2,E8<2,F8<2),"Needs Attention","OK")
A9: 11 | B9: Laboratory Technician | C9: Research & Development | D9: 4 | E9: 3 | F9: 3 | G9: =IF(OR(D9<2,E9<2,F9<2),"Needs Attention","OK")
A10: 12 | B10: Manufacturing Director | C10: Research & Development | D10: 4 | E10: 3 | F10: 2 | G10: =IF(OR(D10<2,E10<2,F10<2),"Needs Attention","OK")
A11: 13 | B11: Healthcare Representative | C11: Research & Development | D11: 3 | E11: 3 | F11: 3 | G11: =IF(OR(D11<2,E11<2,F11<2),"Needs Attention","OK")
A12: 14 | B12: Laboratory Technician | C12: Research & Development | D12: 3 | E12: 2 | F12: 4 | G12: =IF(OR(D12<2,E12<2,F12<2),"Needs Attention","OK")
A13: 15 | B13: Laboratory Technician | C13: Research & Development | D13: 3 | E13: 3 | F13: 2 | G13: =IF(OR(D13<2,E13<2,F13<2),"Needs Attention","OK")
... A1471: 2068 | B1471: Laboratory Technician | C1471: Research & Development | D1471: 3 | E1471: 3 | F1471: 4 | G1471: =IF(OR(D1471<2,E1471<2,F1471<2),"Needs Attention","OK")

Sheet Summary by Role
A1: Monthly Intern Performance Report — June 2026
A3: Intern Role | B3: Avg Project Quality | C3: Avg Mentor Feedback | D3: Avg Task Completion | E3: # Interns
A4: Healthcare Representative | B4: =ROUND(AVERAGEIF('Raw Data'!B2:B1471,A4,'Raw Data'!D2:D1471),2) | C4: =ROUND(AVERAGEIF('Raw Data'!B2:B1471,A4,'Raw Data'!E2:E1471),2) | D4: =ROUND(AVERAGEIF('Raw Data'!B2:B1471,A4,'Raw Data'!F2:F1471),2) | E4: =COUNTIF('Raw Data'!B2:B1471,A4)
A5: Human Resources | B5: =ROUND(AVERAGEIF('Raw Data'!B2:B1471,A5,'Raw Data'!D2:D1471),2) | C5: =ROUND(AVERAGEIF('Raw Data'!B2:B1471,A5,'Raw Data'!E2:E1471),2) | D5: =ROUND(AVERAGEIF('Raw Data'!B2:B1471,A5,'Raw Data'!F2:F1471),2) | E5: =COUNTIF('Raw Data'!B2:B1471,A5)
A6: Laboratory Technician | B6: =ROUND(AVERAGEIF('Raw Data'!B2:B1471,A6,'Raw Data'!D2:D1471),2) | C6: =ROUND(AVERAGEIF('Raw Data'!B2:B1471,A6,'Raw Data'!E2:E1471),2) | D6: =ROUND(AVERAGEIF('Raw Data'!B2:B1471,A6,'Raw Data'!F2:F1471),2) | E6: =COUNTIF('Raw Data'!B2:B1471,A6)
A7: Manager | B7: =ROUND(AVERAGEIF('Raw Data'!B2:B1471,A7,'Raw Data'!D2:D1471),2) | C7: =ROUND(AVERAGEIF('Raw Data'!B2:B1471,A7,'Raw Data'!E2:E1471),2) | D7: =ROUND(AVERAGEIF('Raw Data'!B2:B1471,A7,'Raw Data'!F2:F1471),2) | E7: =COUNTIF('Raw Data'!B2:B1471,A7)
A8: Manufacturing Director | B8: =ROUND(AVERAGEIF('Raw Data'!B2:B1471,A8,'Raw Data'!D2:D1471),2) | C8: =ROUND(AVERAGEIF('Raw Data'!B2:B1471,A8,'Raw Data'!E2:E1471),2) | D8: =ROUND(AVERAGEIF('Raw Data'!B2:B1471,A8,'Raw Data'!F2:F1471),2) | E8: =COUNTIF('Raw Data'!B2:B1471,A8)
A9: Research Director | B9: =ROUND(AVERAGEIF('Raw Data'!B2:B1471,A9,'Raw Data'!D2:D1471),2) | C9: =ROUND(AVERAGEIF('Raw Data'!B2:B1471,A9,'Raw Data'!E2:E1471),2) | D9: =ROUND(AVERAGEIF('Raw Data'!B2:B1471,A9,'Raw Data'!F2:F1471),2) | E9: =COUNTIF('Raw Data'!B2:B1471,A9)
A10: Research Scientist | B10: =ROUND(AVERAGEIF('Raw Data'!B2:B1471,A10,'Raw Data'!D2:D1471),2) | C10: =ROUND(AVERAGEIF('Raw Data'!B2:B1471,A10,'Raw Data'!E2:E1471),2) | D10: =ROUND(AVERAGEIF('Raw Data'!B2:B1471,A10,'Raw Data'!F2:F1471),2) | E10: =COUNTIF('Raw Data'!B2:B1471,A10)
A11: Sales Executive | B11: =ROUND(AVERAGEIF('Raw Data'!B2:B1471,A11,'Raw Data'!D2:D1471),2) | C11: =ROUND(AVERAGEIF('Raw Data'!B2:B1471,A11,'Raw Data'!E2:E1471),2) | D11: =ROUND(AVERAGEIF('Raw Data'!B2:B1471,A11,'Raw Data'!F2:F1471),2) | E11: =COUNTIF('Raw Data'!B2:B1471,A11)
A12: Sales Representative | B12: =ROUND(AVERAGEIF('Raw Data'!B2:B1471,A12,'Raw Data'!D2:D1471),2) | C12: =ROUND(AVERAGEIF('Raw Data'!B2:B1471,A12,'Raw Data'!E2:E1471),2) | D12: =ROUND(AVERAGEIF('Raw Data'!B2:B1471,A12,'Raw Data'!F2:F1471),2) | E12: =COUNTIF('Raw Data'!B2:B1471,A12)

Sheet Summary by Department
A1: Department | B1: Avg Project Quality | C1: Avg Mentor Feedback | D1: Avg Task Completion | E1: # Interns
A2: Human Resources | B2: =ROUND(AVERAGEIF('Raw Data'!C2:C1471,A2,'Raw Data'!D2:D1471),2) | C2: =ROUND(AVERAGEIF('Raw Data'!C2:C1471,A2,'Raw Data'!E2:E1471),2) | D2: =ROUND(AVERAGEIF('Raw Data'!C2:C1471,A2,'Raw Data'!F2:F1471),2) | E2: =COUNTIF('Raw Data'!C2:C1471,A2)
A3: Research & Development | B3: =ROUND(AVERAGEIF('Raw Data'!C2:C1471,A3,'Raw Data'!D2:D1471),2) | C3: =ROUND(AVERAGEIF('Raw Data'!C2:C1471,A3,'Raw Data'!E2:E1471),2) | D3: =ROUND(AVERAGEIF('Raw Data'!C2:C1471,A3,'Raw Data'!F2:F1471),2) | E3: =COUNTIF('Raw Data'!C2:C1471,A3)
A4: Sales | B4: =ROUND(AVERAGEIF('Raw Data'!C2:C1471,A4,'Raw Data'!D2:D1471),2) | C4: =ROUND(AVERAGEIF('Raw Data'!C2:C1471,A4,'Raw Data'!E2:E1471),2) | D4: =ROUND(AVERAGEIF('Raw Data'!C2:C1471,A4,'Raw Data'!F2:F1471),2) | E4: =COUNTIF('Raw Data'!C2:C1471,A4)
